{
  "count": 7013,

  "electric_count": 5300,
  "electricScores": {
    "positive": 0.7766604339622638,
    "neutral": 0.2145739433962264,
    "negative": 0.00876645283018871,
    "joy": 0.7726182452830164,
    "optimism": 0.12909641509433917,
    "anger": 0.05784379245283021,
    "sadness": 0.040442792452830265
  },
  "hydrogen_count": 1149,
  "hydrogenScores": {
    "positive": 0.7695389904264585,
    "neutral": 0.22030574412532686,
    "negative": 0.010155613577023501,
    "joy": 0.7364591818973004,
    "optimism": 0.1519988685813749,
    "anger": 0.06490156657963454,
    "sadness": 0.04663907745865963
  },
  "naturalG_count": 217,
  "naturalGScores": {
    "positive": 0.7676663594470047,
    "neutral": 0.22135483870967732,
    "negative": 0.010987096774193548,
    "joy": 0.7489626728110601,
    "optimism": 0.14008940092165903,
    "anger": 0.06567281105990781,
    "sadness": 0.045276497695852534
  },
  "generalP_count": 347,
  "generalPScores": {
    "positive": 0.7782720461095102,
    "neutral": 0.21379164265129694,
    "negative": 0.007934870317002884,
    "joy": 0.7538236311239195,
    "optimism": 0.14258616714697409,
    "anger": 0.06175619596541784,
    "sadness": 0.041831700288184455
  }
}